{
  "id": "",
  "name": "",
  "font_family": "iconfont",
  "css_prefix_text": "icon-",
  "description": "",
  "glyphs": [
    {
      "icon_id": "4933375",
      "name": "人物-人",
      "font_class": "renwu-ren",
      "unicode": "e749",
      "unicode_decimal": 59209
    },
    {
      "icon_id": "8338680",
      "name": "排行",
      "font_class": "paihang",
      "unicode": "e6c6",
      "unicode_decimal": 59078
    },
    {
      "icon_id": "24478115",
      "name": "排名-线",
      "font_class": "paiming-xian",
      "unicode": "e796",
      "unicode_decimal": 59286
    }
  ]
}
